{
  "RMSE": 19.87841050153471,
  "MAE": 15.48384414301761,
  "R2": 0.666749706572481
}