{
  "RMSE": 22.660346132697438,
  "MAE": 17.83033765640215,
  "R2": 0.5669477398651351
}