{
  "RMSE": 16.86980691467754,
  "MAE": 13.251512545642885,
  "R2": 0.7599910402791034
}