{
  "RMSE": 18.327426070579794,
  "MAE": 14.0629235108555,
  "R2": 0.6706160861340112
}