{
  "RMSE": 14.54627912336883,
  "MAE": 11.847347864248684,
  "R2": 0.6755683371459877
}