{
  "RMSE": 17.882088859031494,
  "MAE": 14.047447883315785,
  "R2": 0.7057496776092531
}