{
  "RMSE": 18.357976389105517,
  "MAE": 12.022135699749295,
  "R2": 0.18352973612660684
}