{
  "RMSE": 14.503004927917457,
  "MAE": 9.109344757604042,
  "R2": 0.49042660252388603
}