{
  "RMSE": 13.35010671241196,
  "MAE": 7.131236585470828,
  "R2": 0.5682222760571987
}