{
  "RMSE": 17.330107013229853,
  "MAE": 8.623820266164715,
  "R2": 0.48063850681571474
}