{
  "RMSE": 7.348997586862184,
  "MAE": 5.911125340465944,
  "R2": 0.5415753278233086
}