{
  "RMSE": 16.915869210849316,
  "MAE": 7.529030308579092,
  "R2": 0.4079621635212959
}